filename,words
4001.jpg,*
4002.jpg,অনলাইনে আরেদন করা হয়I
4003.jpg,*
4004.jpg,ডিডিও ও সাউন্ড সিস্টেম ডাড়া দেওয়া হয়I
4005.jpg,*
4006.jpg,বিদ্যুৎ এর মিটারের জন্য আবেদন করা হয়
4007.jpg,*
4008.jpg,মোবাইলের সকল প্রকার পণ্য পাওয়া যায়
4009.jpg,* ঘওউ বা আইডি কার্ড এর কাজ করা হয়I
4010.jpg,বিভিন্ন
4011.jpg,"সখিপুর ,"
4013.jpg,মাওলানা মুহাম্মদ তাওহীদূল আলম বিয়াদ
4015.jpg,ইসলামিক ফাউন্ডেশন বাংলাদেশ
4016.jpg,হাজি ঠান্ডা মিয়া সওঃ জামে 
4017.jpg,০১৮১৯-৪০
4020.jpg,বাংলাদেশ
4021.jpg,"টেলিভিশন , স্রষ্টি টীভি"
4023.jpg,মেহেদী
4024.jpg,মেহেদী
4025.jpg,চুলা
4026.jpg,প্রোঃ মোঃ
4027.jpg,হাসান
4028.jpg,&
4029.jpg,০১২৩৪-4৬৭৮৯০
4030.jpg,০১২৩৪-৬৬৭৮৯০
4031.jpg,GAS
4032.jpg,০১২৩৪-4৬৭৮৯০
4033.jpg,টেলিকম
4034.jpg,ও সিলিন্ডার
4035.jpg,বিকাশ
4036.jpg,এখানে গ্যাসের
4037.jpg,রিচর্জ পাওয়ী যীয
4038.jpg,"বিদ্যু বিল, মৌবাইল"
4039.jpg,"বাইপাসদ সড়ক , মাছিমপুর ,পিরোজপূর-৮uoo"
4040.jpg,প্রোঃ 
4041.jpg,মোঃ
4042.jpg,হাসসন
4043.jpg,০১২৩৪-৮৬৭৮ ৯০
4046.jpg,এখানে 
4047.jpg,গ্যাসের
4048.jpg,মেহেদী
4049.jpg,বিদ্যু বিল
4050.jpg,বইপীস
4051.jpg,সড়ক
4052.jpg,মহেদী
4053.jpg,এবং
4054.jpg,চুলা
4055.jpg,চলো এগিয়ে যাই
4056.jpg,Ai
4057.jpg,প্রো প্রা ই ট র
4058.jpg,TG
4059.jpg,সাজ্জাদুল হক (সুজন)
4060.jpg,মাত্র কয়েক মিনিটে
4061.jpg,তাবাসসুম থাই এ্যালুমিনিয়াম এন্ড গ্লাস হাউজ
4062.jpg,ভিজিটিং
4063.jpg,"এখানে থাই এ্যালুমিনিয়ামের দরজা, জানালা, গ্লাসডোর,"
4064.jpg,"সুইংডোর, ফলস সিলিং এবং এসএস এর যাবতীয় রুচিশীল"
4065.jpg,কার্ড
4066.jpg,"ডেকোরেশনের কাজ করা হয় এবং গ্লাস, এম-এস বক্স"
4067.jpg,এ্যালুমিনিয়ামের সিলিং বোর্ড এর মালামাল বিক্রয় করা হয় |
4068.jpg,ঠিকানা
4069.jpg,"শরিষাবাড়ী, নেত্রকোণা"
4070.jpg,ডিজাইন শিখুন
4071.jpg,IDEALCURE
4072.jpg,ভাইটান হোমিও কেয়ার
4073.jpg,VITAL HOMOEO CARE
4074.jpg,DR SHAHADAT HOSSAIIN
4075.jpg,"B.H.MS (D.U), BHS (Upper)"
4076.jpg,Lecturer; Medicine
4077.jpg,Feni Homoeopathic Medical College
4078.jpg,ভাইটাব হোমিও কেয়ার
4079.jpg,VITAL HOMOEO CARE
4080.jpg,A Center for Classical Homoeopathy
4081.jpg,ডাঃ সাহাদাত হোসেন
4082.jpg,চেম্বার
4083.jpg,বি. এইচ এম. এস (ঢাকা বিশ্ব বিদ্যালয়)
4084.jpg,ভাইটাল হোমিও কেয়ার
4085.jpg,"প্রভাষক , মেডিসিন"
4086.jpg,বড় মসজিদ মার্কেট (২য় তলা)
4087.jpg,ফেনী হোমিওপ্যাথিক মেডিকেল কলেজ
4088.jpg,"ট্রাংক রোড , ফেনী"
4089.jpg,০১৮১৯-০৪১০৪৩
4090.jpg,P r ০ j a p ০ t i
4091.jpg,০ 1 7 7 7 5 4 1 6 1 5
4092.jpg,বিসমিল্লাহির রাহমানির রাহিম
4093.jpg,মেসার্স মামুন ট্রেডার্স
4094.jpg,এখানে পাখির সকল প্রকার
4095.jpg,দেশী-বিদেশী খাবার পাওয়া যায়
4096.jpg,"কাউন, সূর্যমূখি,"
4097.jpg,প্রোঃ মোঃ জহির
4098.jpg,উদ্দিন ব্যাপারী
4099.jpg,"কুসুমফুল ও ধান, গম, পাঠ,"
4100.jpg,+000 123 456 7890
4101.jpg,"সরিষা, ভুট্টা সহ যাবতীয়"
4102.jpg,ভূসা মাল ক্রয় বিক্রয় করা হয় !
4103.jpg,পরিচালনায়: মোঃ মামুন ইসলাম
4104.jpg,"বিজিবি রোড, যাত্রাপুর, কুড়িগ্রাম"
4105.jpg,"চিরা,"
4106.jpg,মামুন মোডকেল
4107.jpg,ফার্মেসী ষ্টোর
4108.jpg,ডাঃ মোঃ মামুনুর রশিদ
4111.jpg,এখানে দেশি বিদেশি 
4112.jpg,চেম্বার 
4114.jpg,করা হয় 
4115.jpg,অগ্রিম সিরিয়ালের জন্য
4116.jpg,যোগাযোগ
4117.jpg,আমাদের ফোন নাম্বার
4118.jpg,01785260820
4120.jpg,0178526082
4121.jpg,অফিস
4122.jpg,Rifat Mahmud
4123.jpg,Assistant Officer
4124.jpg,8801654
4125.jpg,Rifat@gmail com
4126.jpg,"House:12, Road:02"
4127.jpg,Mirpur-11 Dhaka
4128.jpg,Dutch-Bangla Bank LTD
4129.jpg,Yo U R
4130.jpg,TRUSTE D
4131.jpg,PARTNE R
4132.jpg,WWW.
4133.jpg,dutchbanglabank.com
4134.jpg,মোঃ
4135.jpg,বিসমিল্লাহির রাহমানির রাহিম
4136.jpg,মোবাইল  01951-308250
4137.jpg,বিকাশ 01877-308065
4138.jpg,মোঃ আতাবুর মিস্ত্রী
4139.jpg,এখানে অবিজ্ঞ কারিগর দারা ছোট বড় বিল্ডিং কনস্ট্রাকশন কাজ
4140.jpg,"করা হয় এবং সকল প্রকার  ইত, খোয়া , বালু সিমেন্ট অর্ডার নেয়া হয়"
4141.jpg,ঠিকানা
4142.jpg,"আনন্দবাজার, সোনারগী, নারায়ঙ্গঞ্জ"
4144.jpg,Ai
4145.jpg,ইডিটেবল ইলাস্ট্রেটর ফাইল
4146.jpg,AI
4147.jpg,ফ্রি ডাউনলোড
4148.jpg,বিউটি পার্লার
4149.jpg,বিউটিশিয়ানঃ
4150.jpg,প্রিন্টরেডি ডিজাইন
4151.jpg,শুধু মাত্র
4152.jpg,মহিলাদের
4153.jpg,অভিজ্ঞ বিউটিশিয়ান দ্বারা পরিচালিত
4154.jpg,এডিটেবল এলিমেন্ট
4155.jpg,জন্য
4156.jpg,০১৭২৫-২৫৮৫৭৩
4157.jpg,কাস্টম সাইজ
4158.jpg,০১৭৮৯-৮৯৬৭৬৭
4159.jpg,কটিয়াদী বাজার
4160.jpg,কিশোরগঞ্জ
4161.jpg,designed by
4162.jpg,vectorghor com
4163.jpg,শিমু
4164.jpg,শিমু
4165.jpg,আসসালামু
4166.jpg,মোঃ মাসুম মুন্সি
4167.jpg,প্রোপ্রাইটর
4168.jpg,হামীম ফ্যাশন
4169.jpg,মোবাঃ০১৭১০১৮১৫২৩
4170.jpg,এখানে উন্নত মানের
4171.jpg,সকল প্রকার
4172.jpg,শার্ট প্যান্ট লুঙ্গী গেঞ্জি থ্রি
4173.jpg,জামদানী
4174.jpg,কাপুড় ওড়না এবং গজ
4175.jpg,খুচরা ও
4176.jpg,পাইকারী পাওয়া যায় |
4177.jpg,"গোলবুনিয়া ব্রিজ সংলগ্ন, সাফা বাজার; মঠবাড়িয়া"
4178.jpg,আলাইকুম  .
4179.jpg,"পিস,"
4180.jpg,COMPANIY
4181.jpg,NAME
4182.jpg,Name Surname
4183.jpg,Address Line
4184.jpg,job Posirion]
4185.jpg,+001 123 456 789
4186.jpg,Iorem@ipsumn cor
4187.jpg,WWW.
4188.jpg,company com
4189.jpg,business card/visiting card Al design
4190.jpg,Md  Alorrigir
4192.jpg,সরকার কম্পিউটার 
4193.jpg,Mobile: 01761-000000
4194.jpg,01710-000000
4195.jpg,এন্ড স্টেশনারী
4197.jpg,খোয়া বিক্রয় করা হয় । এবং
4198.jpg,মোঃ আমিনুল ইসলাম 
4200.jpg,জন্য ভাড়া দেওয়া
4201.jpg,মোবাঃ ০১৭১০-০০০০০০
4202.jpg,M/S Joti Enterprise
4203.jpg,০১৬২৫-০০০০০০
4205.jpg,1st class
4206.jpg,contractor & suipplier
4207.jpg,"ডিজিটাল ষ্টিডিও, ডিজিটাল ফটকপি "
4208.jpg,Argent
4211.jpg,খুচরা বিক্রয় করা হয় 
4213.jpg,office : Blaghabari Ghat Shahladpur Slrajgonj
4218.jpg,মোঃ ফরিদুল ইসলাম
4219.jpg,মোঃ মাসুদ রানা (মেকার)
4222.jpg,ট্যালেন্ট কোচিং সেন্টার
4225.jpg,রিদওয়ান 
4227.jpg,ও মাসিক পরিক্ষার ব্যবস্থা 
4228.jpg,কোর্স শেষে সর্বোচ্চ সংখক মডেল 
4229.jpg,অটো হাউজ
4230.jpg,পরিচালনায়
4231.jpg,মোঃ
4232.jpg,হাসান
4233.jpg,"এস, এস / এম এস"
4234.jpg,এখানে সকল প্রকার অটো ভ্যান নতুন ভাবে তৈরি করা হয় 
4235.jpg,যোগাযোগের ঠিকানা 
4236.jpg,সেকেন্ড হ্যান্ড অটো ভ্যান 
4237.jpg,করা হয় 
4238.jpg,শাহজাদপূর সরকারী কলেজের উত্তর পাশ্বে
4240.jpg,তিন মাথা মোড় মনিরাম
4242.jpg,মোবাঃ
4244.jpg,"ঘোড়শাল চৈরাস্তা , বেলতৈল, শাহজাদ পূর"
4245.jpg,অথই ফটোস্ট্যাট কম্পিউটার
4246.jpg,ফাতেমা কম্পিউটার এন্ড  ইন্টারনেট
4247.jpg,এন্ড
4248.jpg,স্টেশনারী
4249.jpg,সেবা সমূহ
4250.jpg,প্রোঃ মোঃ আরিফুল ইসলাম 
4251.jpg,আরিফ
4252.jpg,অনলাইনে খাজনা দেওয়া হয় 
4253.jpg,arif153153@gmail.com
4254.jpg,আর এস জাবেদা পাওয়া যায়
4255.jpg,othoy153@gmail.com
4256.jpg,এখানে অনলাইনের মাধ্যমে অনার্স
4257.jpg,প্রোঃ মোছাঃ শাহনাজ পারভীন 
4258.jpg,অনলাইনে জমি খরিজের আবেদন করা হয় 
4259.jpg,"ডিগ্রি , বিশ্ববিদ্যালয়"
4261.jpg,মোবাঃ ০১৭১৮
4264.jpg,বিকাশ
4267.jpg,অনলাইনের মাধ্যমে দলিলের 
4268.jpg,তোলা
4269.jpg,০১৩২২-০০০০০০
4270.jpg,অনলাইনে সকল প্রকার আবেদন 
4272.jpg,এছাড়া 
4273.jpg,অনলাইনের সকল কাজ করা হয় 
4274.jpg,ফটোকপি 
4275.jpg,প্রিন্টের সকল 
4278.jpg,"সরকারী কলেজের দক্ষিন গেট, সওদাগর মার্কেট"
4279.jpg,"পাইলট স্কুলের উত্তর পার্শ্বে, থানার গেট সংলগ্ন , শাহজাদপুর, সিরাজগঞ্জ"
4280.jpg,"মনিরামপুর বাজার , শাহজাদপুর , সিরাজগঞ্জ "
4281.jpg,Hossen
4282.jpg,সিরাজগঞ্জ
4283.jpg,টেষ্টে
4284.jpg,মেহেদী
4286.jpg,পাওয়া যায়
4287.jpg,সিরাজগঞ্জ
4288.jpg,এস আর
4289.jpg,আবদুর রহমান
4290.jpg,সাইন মিডিয়া
4291.jpg,প্রোপ্রাইটর
4292.jpg,08523 56088
4293.jpg,01791 22 44 66
4295.jpg,srsignmedia@gmail com
4296.jpg,"কলেজ রোড (২য় তলা) , বাঞ্ছারামপুর, ব্রাহ্মণবাড়িয়া-৩৪২০"
4297.jpg,rahmanplaner
4298.jpg,এস আর সাইন মিডিয়া
4299.jpg,ডিজিটাল প্রিন্ট
4300.jpg,প্রিন্ট
4301.jpg,গিফট আইটেম প্রিন্ট
4302.jpg,আইটেম
4303.jpg,১. ডিজিটাল ব্যানার
4304.jpg,১. পোস্টার
4305.jpg,১ মগ
4306.jpg,২. লাইটিং সাইনবোর্ড
4307.jpg,২ হ্যান্ডবিল
4308.jpg,২. টি-শাট
4309.jpg,"৩. ব্যানার, ফেস্টুন"
4310.jpg,৪. ভিনাইল স্টিকার
4311.jpg,৩. ক্যালেন্ডার
4312.jpg,৩. সিরামিক মগ
4313.jpg,৫. প্যানাফ্লেক্স
4314.jpg,৪. ভিজিটিং
4315.jpg,৪. ম্যাজিক মগ
4316.jpg,৬. পিভিসি প্রিন্ট
4317.jpg,৫. ক্যাশ-মেমো
4318.jpg,৫. প্লেট প্রিন্ট
4319.jpg,রিভার্স প্রিন্ট
4320.jpg,৬.
4321.jpg,প্লাস্টিক আইডি কার্ড
4322.jpg,৬. ক্রেস্ট প্রিন্ট
4323.jpg,৮ .
4324.jpg,ইনকজেট প্রিন্ট
4325.jpg,৭. দাওয়াত কাডসহ
4326.jpg,৭. স্টোন ফটো প্রিন্টসহ
4327.jpg,৯. ইকো সলভেন্ট প্রিন্ট
4328.jpg,১০. ক্লিয়ার মিডিয়া
4329.jpg,সকল প্রকার অফসেট
4330.jpg,সকল প্রকার গিফট আইটেম
4331.jpg,১১. রিফ্লেক্টিভ স্টিকার
4332.jpg,প্রিন্টিং এর কাজ করা হয় /
4333.jpg,প্রিন্ট করা হয় |
4334.jpg,অফসেট
4335.jpg,কার্ড
4336.jpg,business card Al design
4337.jpg,মোঃ রাশেদুল ইসলাম
4338.jpg,মোঃ আল-আমিন রহমান (আজিজুল
4339.jpg,প্রোপরাই্টর
4340.jpg,ইলেকট্রশিয়ান
4341.jpg,মোবাঃ ০১৭৭০-০০০০০০
4342.jpg,০১৭৪০-০০০০০০
4343.jpg,মোবাঃ ০১৭৭০-০০০০০০
4344.jpg,এখানে
4345.jpg,"ইলেকট্রিশিয়ান দ্বারা বাসা-বাড়ী, বিল্ডিং সহ"
4346.jpg,আট আমি
4347.jpg,যাবতীয় বৈদ্যুতিক লাইন ওয়্যারিং
4348.jpg,"স্যানেটারী,"
4349.jpg,পানির লাইন মেরামত করা হয়
4350.jpg,রাজশাহী
4351.jpg,প্রশিক্ষণ প্রাপ্ত
4352.jpg,টেলিকম
4353.jpg,"ধামাইকাব্দি বাজার, উল্লাপাড়া, সিরাজগঙ্জ"
4354.jpg,সু-দক্ষ টেকনিশিয়াল দ্বারা
4355.jpg,যোবাইল এর হারডওয়্যার
4356.jpg,পোরজনা বাজার 
4357.jpg,সফঢওয়্যার এর কাজ করা হয়
4358.jpg,"শাহজাদপুর, সিরাজগঞ্জ"
4359.jpg,বিসমিত্বাহির রাহমানির রাহিম
4360.jpg,বদলে যাবে সারা দেশ
4361.jpg,রুবী
4362.jpg,মোবা: ০১৭০৯-০০০০০০
4363.jpg,ফার্মেসী
4364.jpg,০১৭১১-০০০০০০
4365.jpg,দুধে মাংসে বাংলাদেশ
4366.jpg,মোঃ সালাউদ্দিন সরকার
4367.jpg,পল্লি প্রেণী চিকিৎসক
4369.jpg,Awmial Health of Reprodvction corise
4370.jpg,রুবী ফার্মেসী
4371.jpg,(Vmsti)
4372.jpg,সেটেরিদানি নেডিবেন সাইস এড্ড টেবশোদনি বদস্টিটিউট
4373.jpg,মোবা: ০১৩২০-০০০০০০
4374.jpg,এখানে সবল প্রকার দেশী-বিদেশী ঔষধ
4375.jpg,০১৭৩৫-০০০০০০
4376.jpg,পাইকারী ও খুচরা বিক্রয় করা হয় |
4377.jpg,মুরগির পোষ্টমটেম করে সঠিক রোগ নির্ণয় করা হয়
4378.jpg,"দ্বারিয়াপুর বাজার , শাহজাদপুর, সিরাজগঞ্জ"
4379.jpg,স্থানঃ পুঠিয়া
4380.jpg,"এর পূর্ব পার্শ্বে, শাহজাদপুর, সিরাজগঞ্জ"
4381.jpg,প্রোপ্রাইহটর:
4382.jpg,পরিচালনায়ঃ
4383.jpg,বিসমিল্লাহির রাহমানির রাহিম
4384.jpg,মোঃ ফরিদুল ইসলাম
4385.jpg,মোঃ মাসুদ রানা (মেকার)
4386.jpg,মোবা: ০১ ৭8৩-০০০০০০
4387.jpg,মোবা: ০১৬১২-০০০০০০
4388.jpg,মেসার্স রাইবা এন্টারপ্রাইজ
4389.jpg,রিদওয়ান
4390.jpg,মোঃ রাহাদ আলী
4391.jpg,প্রোপ্রাইটর
4392.jpg,মোবা: ১১৭৮৬ ০০০০০০
4393.jpg,অটো হাউজ
4394.jpg,১১৮৮৫ ০০০০০০
4395.jpg,এশানে সকল প্রকার জটো ভ্যান নতুন ভাবে তৈরি করা হ্য়
4396.jpg,এখানে
4397.jpg,"টাইলস, মার্বেল, গ্রানাইট, ফ্রেন্সি রুফ টাইলস সহ"
4398.jpg,সেকেন্ড হেন্ড অটো
4399.jpg,ভ্যান ক্রয়-বিক্রয় করা হয়
4400.jpg,সকল প্রকার
4401.jpg,যাবতীয় টাইলস এর কাজ করা হয়
4402.jpg,অটো ভ্যান এর পার্স
4403.jpg,যায়
4404.jpg,এবং অটৌ ভ্যান এর বডি বিক্রয় করা হয় 
4405.jpg,"ঘোড়শাল চৌরাস্তা সংলগ্ন, বেলতৈল, শাহজাদপুর, সিরাজগঞ্জ"
4406.jpg,"রতনকান্দি, শাহজাদপুর, সিরাজগঞ্জ"
4407.jpg,সুদক্ষ
4408.jpg,থেকে
4409.jpg,হাইস্কুল
4410.jpg,পাওয়া
4411.jpg,ফটোশপে ভিজিটিং কার্ড ডিজাইন
4412.jpg,Ps
4413.jpg,পানির মত সহজ
4414.jpg,IT
4415.jpg,Kazi
4416.jpg,Farid
4418.jpg,Tech
4420.jpg,Email Address
4421.jpg,Bangla
4423.jpg,Contact
4424.jpg,"01715659856,"
4425.jpg,";,01714698565"
4426.jpg,Address
4427.jpg,Noya
4428.jpg,Pallan
4429.jpg,", Dhaka,"
4430.jpg, Bangladesh
4431.jpg,বিসমিল্লাহির রহমানের রহিম
4432.jpg,প্রোঃ মোঃ নিয়াজুল ইসলাম
4434.jpg,প্রোঃ মোঃ আঃ আউয়াল
4439.jpg,বিকাশ 01920-131760
4440.jpg,01737-115364
4441.jpg,মেসার্স ফাহিমা সাইকেল স্টোর
4442.jpg,নূর
4443.jpg,বস্ত্রালয়
4445.jpg,M/s.
4446.jpg,Fahima cycle Store
4448.jpg,প্রেকার দেশি 
4449.jpg,রিক্সার যন্ত্রাংশ খুচরা 
4455.jpg,বিক্রয় করা হয় 
4457.jpg,পাওয়া যায়
4461.jpg,শরিফ মার্কেট (অগ্রনী ব্যাংক)
4462.jpg,আড়ালিয়া
4464.jpg,বাজার কাপাশিয়া
4465.jpg,"টোক নয়ন বাজার , কাপাসিয়া গাজীপুর "
4466.jpg,বিসমিল্লাহির রহমানির রহিম
4467.jpg,প্রোঃ সুজিত বনিক
4468.jpg,প্রোঃ সজল আহমেদ
4469.jpg,01997-301030
4470.jpg,01914-807623
4471.jpg,01610-317816
4472.jpg,Ai
4473.jpg,01905-984262
4474.jpg,01825-343432
4475.jpg,প্রিয় টেলিকম
4476.jpg,বীর উজলী ভিশন সেন্টার
4477.jpg,দেশ বিদেশ
4478.jpg,01710-539797
4479.jpg,এন্ড আরাফ অপটিকস
4480.jpg,এখানে সুলভ মুল্যে চোখের ড্রপ সহ যাবতীয়
4481.jpg,সহ বড়ি পাওয়া যায় এবং
4482.jpg,ফ্রি ফণ্ট
4483.jpg,01816-838386
4486.jpg,এখানে সকল প্রকার সুবিধা  পাওয়া যায়
4488.jpg,কাস্টম সাইজ
4489.jpg,"দস্য নারায়নপুর বাজার , কাপাসিয়া "
4490.jpg,গাজীপুর 
4494.jpg,একাডেমি সংলগ্ন 
4496.jpg,ভেক্টর ডিজাইন
4497.jpg,প্রিণ্টরেডি ডিজাইন
4501.jpg,Md. Masud Rana
4503.jpg,Production Manager
4504.jpg,125607
4505.jpg,132353
4508.jpg,914!]14|5
4511.jpg,01647667506
4515.jpg,Head Office
4521.jpg,GROLIP
4523.jpg,ইডিটেবল ইলাস্ট্রেটর ফাইল
4524.jpg,WWW
4525.jpg,combinddots.com
4526.jpg,ফ্রি ডাউনলোড
4529.jpg,গাজীপুর 
4530.jpg,প্রোঃ মোঃ কুতুব উদ্দিন
4531.jpg,০১৭৬৬-৬৪৬৬১৬
4532.jpg,পরিচালনায় 
4533.jpg,মোঃ আবু সাঈদ
4534.jpg,৭৪১-০৮৯৩৬৮
4535.jpg,আল আকসা
4536.jpg,অয়েল স্টোর
4537.jpg,খানে নিজস্ব মেশিনে তৈরি খাঁটি ও খৈল 
4538.jpg,পাওয়া যায়
4539.jpg,যা সম্পূর্ণ নির্ভেজাল এবং সম্পূর্ণ রূপে
4540.jpg,ক্যমিকেল থেকে মুক্ত
4541.jpg,আপনার 
4542.jpg,শরীর স্বাস্থের জন্য উপকারী
4543.jpg,"ইসলামবাদ রোড, বিশ্বরোড সংলগ্ন , বাহুবল , হবিগঞ্জ "
4544.jpg,মোঃ জসিম তালুকদার
4546.jpg,power
4547.jpg,LUIMIINOUIS
4548.jpg,1923535900
4549.jpg,1966642386
4550.jpg,mdjosimtalukdar@gmail com
4551.jpg,জে আর পাওয়ার আই পি-এস
4552.jpg,RIMSO
4553.jpg,এখানে সকল প্রকার নতুন ও পুরাতন ব্যাটারী ক্রয়-বিক্রয় করা হয়
4554.jpg,এবং গ্যারান্টি সহকারে আই পি.এস ও ব্যাটারী বিক্রয় করা হয় !
4555.jpg,"UPS(On-line & off-line), IPS Battery,AVR & Solar System"
4556.jpg,"২০৫ ৫ ফকিরাপুল ইয়াংমেনস ক্লাব মার্কেট,বক্স কালভার্ট রোড,মতিঝিল,ঢাকা-১০০০"
4558.jpg,business cardlvisiting card Al design
4560.jpg,বাতাফ কম্পিউটার 
4561.jpg,ডেকোরেটর
4562.jpg,দিপু
4563.jpg,ইলেকট্রনিক্স
4565.jpg,বোয়লিয়া
4566.jpg,ফিলিং স্টেশন 
4569.jpg,ফিলিং স্টেশন 
4571.jpg,ফিলিং স্টেশন 
4572.jpg,ঘোড়াঘাট
4573.jpg,ঘোডাঘট
4574.jpg,মোঃ জসিম তালুকদার
4576.jpg,Power
4577.jpg,LUIMIINOUIS
4578.jpg,1923535900
4579.jpg,1966642386
4580.jpg,mdjosimtalukdar@gmail com
4581.jpg,জে আর পাওয়ার আই পি-এস
4582.jpg,RIMSO
4583.jpg,এখানে সকল প্রকার নতুন ও পুরাতন ব্যাটারী ক্রয়-বিক্রয় করা হয়
4584.jpg,এবং গ্যারান্টি সহকারে আই পি.এস ও ব্যাটারী বিক্রয় করা হয় !
4585.jpg,"UPS(On-line & off-line), IPS Battery,AVR & Solar System"
4586.jpg,"২০৫ ৫ ফকিরাপুল ইয়াংমেনস ক্লাব মার্কেট,বক্স কালভার্ট রোড,মতিঝিল,ঢাকা-১০০০"
4588.jpg,তাহাজ
4589.jpg,যোগাযোগ ৪ ৭00১৬৫৯০০১
4590.jpg,রিপেয়ারিং পয়েন্ট
4591.jpg,"এখানে সবল প্রকণর ৪ চাবণ,"
4592.jpg,"চাকা, ১০ চাকা, ১২ চাকার"
4593.jpg,গাড়ি যত্ন সহকারে রি পেয়া রিং করা হয়
4594.jpg,বিঃ দুঃ
4595.jpg,এখানে মটর সাইবেল
4596.jpg,মেরামত ঝরা হ্য়
4597.jpg,পদ্মপুকুর
4598.jpg,"পদ্মপুকুর বাজার, দেমাঙ্গা রোড, উঃ ২৪ পরমনা"
4599.jpg,উদ্দিন
4600.jpg,ডাইস কাটিং
4601.jpg,মোঃ আরিফুল ইসলাম
4602.jpg,এন্ডচেইনভান্ডার
4603.jpg,ডাইস
4604.jpg,এখানে 
4605.jpg,বিভিন্ন প্রকাব
4606.jpg,সাহায্যে
4607.jpg,01746
4608.jpg,-914626
4609.jpg,মেশিনের সাহায্যে 
4610.jpg,916-246461
4611.jpg,ঢেহন কমপ্রিট করা হয়
4612.jpg,সাবিত্রি
4613.jpg,সোনাবন্দূ মার্কেট
4614.jpg,"কুমারখালী, কৃষ্টিয়া !"
4615.jpg,Print
4616.jpg,by-Design Media
4617.jpg,Anderkilly Chattogram 01871-217924
4618.jpg,কুমারখালী
4619.jpg,প্রোপ্রাইটর
4620.jpg,সোনার
4623.jpg,কারিগর
4625.jpg,এসি
4626.jpg,নন
4627.jpg,এসি
4628.jpg,&
4629.jpg,0
4630.jpg,19
4631.jpg,Projapoti
4632.jpg,9
4633.jpg,01777541615
4634.jpg,4
4635.jpg,হোটেল
4636.jpg,HOTEL
4637.jpg,HOTEL
4639.jpg,[আবাসিক]
4640.jpg,সৌদিয়া
4641.jpg,SOUDIA
4642.jpg,নিরিবিলি
4643.jpg,ইসলাম
4644.jpg,মনোরম
4645.jpg,শ্যামনগর :
4646.jpg,পরিবেশে 
4647.jpg,"ভবন ,"
4648.jpg,পরিস্কার-
4649.jpg,"বাসস্ট্যান্ড ,"
4650.jpg,[অগ্রণী
4651.jpg,থাকার সু-ব্যবস্থা !
4652.jpg,0 1 ৪ 4 2 - 3 4 ০ 4 4 ০
4653.jpg,-পরিচ্ছন্ন
4654.jpg,ব্যাংকের 
4655.jpg,"শ্যামনগর ,"
4656.jpg,উপর_
4657.jpg,সাতক্ষীরা !
4659.jpg,FOOD
4661.jpg,event
4662.jpg,Management
4664.jpg,Agrani
4673.jpg,ও
4674.jpg,ব্যাচ
4675.jpg,ও
4676.jpg,বিসমিল্লাহির রাহমানির রাহিম
4677.jpg,হিসাববিজ্ঞান
4678.jpg,ভর্তি চলছে
4679.jpg,ফিন্যান্স ব্যাংকিং ও বিমা
4680.jpg,মোংসেলিম রেজা তালুকদার
4681.jpg,বিবি এস (অনাস)
4682.jpg,বিষয় সমূহঃ
4683.jpg,এমবি এ (হিসাববিজ্ঞান)
4684.jpg,সরকারি আজিজুল হক কলেজ
4685.jpg,বগুড়া !
4686.jpg,হিসাববিজ্ঞান
4687.jpg,01725-162728
4688.jpg,ফিন্যান্স_
4689.jpg,","
4690.jpg,ব্যাংকিং ও বিমা
4691.jpg,01320-741488
4692.jpg,বিজ্ঞান এবং মানবিক বিভাগ থেকে কমার্সে আসা
4693.jpg,ছাত্র ছাত্রীদের আলাদা ব্যাচ পড়ানো হয় |
4694.jpg,কলেজ বটতলা
4695.jpg,","
4696.jpg,বৃন্দাবনপাড়া
4697.jpg,(প্রফেসরপাড়া)
4698.jpg,","
4699.jpg,বগুড়া |
4700.jpg,[বিঃদ্রঃ হ্যান্ডনোট প্রদান করা হয় !]
4704.jpg,রহমানির
4706.jpg,সমূহঃ
4708.jpg,হিসাববিজ্ঞান 
4709.jpg,রহীম
4713.jpg,বিমা
4715.jpg,ব্যাংকিং
4719.jpg,আলাদা 
4720.jpg,মোঃ সেলিম
4721.jpg,থেকে
4723.jpg,বিমা
4726.jpg,প্রদন
4727.jpg,পড়ানো হয় /
4728.jpg,বিবিএস
4729.jpg,আসা
4732.jpg,রেজা
4733.jpg,করা হয় /]
4734.jpg,সরকারি
4737.jpg,তলুকদার
4738.jpg,01725-
4740.jpg,'সাববিজ্ঞান)
4742.jpg,কলেজ
4743.jpg,হক
4744.jpg,কলেজ
4747.jpg,জলিল
4748.jpg,গ্যাসের চুলা 
4749.jpg,করা হয়
4750.jpg,মো: জলিল 
4752.jpg,প্রোঃ মো: জলিল 
4753.jpg,এখানে 
4754.jpg,থেকে
4755.jpg,এজেন্ট
4756.jpg,রকেট এজেন্ট
4757.jpg,বাজার
4758.jpg,আবির্ভাব ডুিজাইন এন্ড প্রিন্টিং
4760.jpg,ট্রেডার্স
4767.jpg,জলিল
4768.jpg,টেলিকম
4771.jpg,দেশ বিদেশ
4772.jpg,০১৮২৫
4773.jpg,৫২৮৭৫৫
4774.jpg,বিকাশে টাকা
4775.jpg,আদান/ প্রদান
4776.jpg,০১৮২৫:
4777.jpg,করা হয়
4778.jpg,৫২৮৭০৫
4779.jpg,`১৮৮৭
4780.jpg,-১৫১৩০৮
4781.jpg,গাজীপুর
4782.jpg,Md. Sazzak Hosen
4783.jpg,Lecturer
4784.jpg,01728-202752
4785.jpg,shsujon8gegmail com
4786.jpg,KL. Jubilee School
4787.jpg,and
4788.jpg,"39, North brook Hall Road"
4789.jpg,Bangla Bazar; Dhaka-1100
4790.jpg,College
4791.jpg,Your Nare
4793.jpg,Designer
4794.jpg,YOURCOMPAHY NAME
4796.jpg,tagline here
4800.jpg,Dhaka-1215
4802.jpg,YOLIR COMPANY NALIE
4803.jpg,your tagline here
4804.jpg,www.yourwebsite.com
4806.jpg,123
4807.jpg,"St , Any"
4808.jpg,Ciry
4809.jpg,Company
4810.jpg,Name
4811.jpg,Your
4812.jpg,Slogan
4813.jpg,Here
4814.jpg,MATIUR
4815.jpg,President
4816.jpg,RAHMAN
4817.jpg,Compan
4818.jpg,Director
4819.jpg,Name
4820.jpg,+123-456-
4821.jpg,-7890
4822.jpg,hetlotureallygreatsite com
4823.jpg,Anywhere 
4824.jpg,BanoFul
4825.jpg,Mohammad Kutub Uddin
4827.jpg,Opposite side of Laila CNG Filling station
4828.jpg,01814 9414 25
4830.jpg,01614 94 1425
4831.jpg,"Bandar, Chittagang Phone"
4832.jpg,031-741588
4833.jpg,qutub425@gmiall com
4834.jpg,Banoful
4835.jpg,Opposite side of Laila CNG
4836.jpg,Station
4837.jpg,"2no. Mailer Matha , South Halisha"
4838.jpg,"Bandar , Chittagong "
4839.jpg,phone 
4840.jpg,031-741588
4841.jpg,Mohmmad Hassun
4842.jpg,"Md, Shqfiqul Islum"
4845.jpg,"01852-953698, 01704-898090"
4846.jpg,01747-080888
4847.jpg,EDITLABLE
4848.jpg,EPS
4849.jpg,EILE
4850.jpg,Manager
4851.jpg,Filling
4852.jpg,YCLIR RESTALIRANT LAME
4853.jpg,Thal Foad Speciality
4854.jpg,"Kansas, 23 Avenue Block"
4855.jpg,maureen@energy
4856.jpg,+03937 578 134
4857.jpg,www.emer
4858.jpg,gy.com
4860.jpg,www.webtech.com.bd
4861.jpg,ভাই-ভাই
4862.jpg,ট্রেডার্স
4872.jpg,ভাই-ভাই_ট্রেডার্স
4873.jpg,এখানে সুলভ মূল্যে মালামাল
4874.jpg,পরিবহনের জন্য ট্রাক্টর ভাড়া পাওয়া যায়
4875.jpg,১ নম্বর
4876.jpg,"ইট, ডালিয়ার বালু"
4877.jpg,সিমেন্ট সরবরাহ করা 
4878.jpg,ঠিকানাঃ পাওটানা হাট 
4879.jpg,"পীরগাছা , রংপুর "
4880.jpg,Business Card &
4882.jpg,Bannar Design
4883.jpg,Amik Mahlmud
4884.jpg,১৮ টি লেকচার
4885.jpg,25
4886.jpg,GET BANGLA COURSE
4887.jpg,COURSE
4888.jpg,FREE.COM
4889.jpg,টেইলারি অর্ডার কার্ড ডিজাইন
4890.jpg,Ai File
4892.jpg,"এখানে শার্ট, প্যান্ট , পাঞ্ঝাবী , বোরকা , থ্রী-পীচ, টেলারিং যাবতীয় পোষাক যত্ন "
4893.jpg,সহকারে সুদক্ষ কারিগর দ্বারা তৈরি করা হয়
4894.jpg,মোঃ আজিম  প্রামানিক
4895.jpg,এবং কাটিং ও ফিটিং করা হয় 
4896.jpg,আঁখি
4897.jpg,০১৮৪৯-০০০০০০
4898.jpg,টেইলারস
4899.jpg,বিঃদ্রঃ ৪০ দিগশর মধযে ভেগ্সেন দা শনিচে কোন প্রকাব্ সয়-দডি কর্ড়ণকষ গরাযমী দুব |
4900.jpg,এড
4901.jpg,ফিটিং সেন্টর
4902.jpg,"মনিরামপুর বাজীব, খসি মাংসপটির পূর্ব পার্যে, শাহজাদপুর, সিরাজগঞ্জ"
4903.jpg,বিবরণ
4904.jpg,টাকা
4905.jpg,অর্ডার নং
4906.jpg,নমুনা
4907.jpg,অর্ডার তারিখ
4908.jpg,ডেলিডারী তারিখ
4909.jpg,সবমোট
4910.jpg,বৈদ্যুতিক
4911.jpg,যে কোন কারনবশত
4912.jpg,অগ্রিম
4913.jpg,ডেলিভারী তারিব পরিবর্তন হতে পারে !
4914.jpg,পাওনা
4916.jpg,বিসমিল্লাহির রহমানির রহীম 
4917.jpg,আরিয়ান এন্টারপ্রাইজ
4918.jpg,এখানে সকল প্রকার রং এর কাজ
4919.jpg,কারিগর দ্বারা করা হয় !
4920.jpg,প্রো: মোঃ সবুজ মিয়া
4921.jpg,Download now
4922.jpg,0 1 ৪ ৪ 1 - 3 8 4 4 1 7
4923.jpg,CIYYK Calar
4924.jpg,০ 1 7 72- 3 7 1 2 6 7
4925.jpg,Editable Soft Copy
4928.jpg,"বুধাইবকান্দি, বাঞ্ছারামপুর, ব্রাহ্মণবাড়িয়া |"
4929.jpg,Custum SizE
4930.jpg,আরিয়ান 
4931.jpg,এন্টারপ্রাইজ
4932.jpg,Md  Imran Boshir (Sumon)
4933.jpg,MAHI TRADE
4934.jpg,INTERNATIONAL
4935.jpg,"40/41, Zindabahar, lst lane"
4936.jpg,All kinds of paper board
4937.jpg,Chanmia Paper Market
4938.jpg,wholesaller & retailer
4939.jpg,"Bazar, Dhaka."
4940.jpg,01683-433447
4941.jpg,01311-064554
4942.jpg,Naya
4943.jpg,মাওলানা মুনীর উল্লাহ মুনীর
4944.jpg,আধ্যাতিক কোরআনী সিকিংসক
4945.jpg,01819-929439
4946.jpg,01815-929439
4948.jpg,মারকাযুত তালীম ওয়াত তারবিয়্যাহ
4949.jpg,"বরইতলী , চকরিয়া"
4950.jpg,কক্সবাজার
4951.jpg,LwZe
4952.jpg,বায়তুন নুর জামে মসজিদ
4953.jpg,পাহাড়তলী
4954.jpg,"হারবাং, চকরিয়া , কক্সবাজার"
4955.jpg,নতুন ভিজিটিং কার্ড ডিজাইন
4956.jpg,শাহ্ রাহাত আলী (রঃ)
4957.jpg,বিস্মিল্লাহির রাহমানির রাহিম
4958.jpg,মোঃ আলী আজ্জম মুন্সী
4959.jpg,আফসানা মিমি
4960.jpg,01790-184444
4961.jpg,শুধুমাত্র
4962.jpg,পরিচালনায়
4964.jpg,মহিলাদের
4965.jpg,01784-157600
4966.jpg,1866049570
4967.jpg,জন্য
4968.jpg,01940-555549
4969.jpg,1641772646
4970.jpg,Makeover And Ladies Corner
4971.jpg,পরী সাজ বিউটি পার্লাব
4972.jpg,Afsana Mimi
4973.jpg,ভাই ভাই ইলেকট্রনিক্স
4974.jpg,এখানে অভিজ্ঞ
4975.jpg,বিউটিশিয়ান দ্বারা
4976.jpg,01866 049570
4977.jpg,সকল প্রকার পার্লারের কাজ করা হয় ও শিখানো হয়
4978.jpg,01641 772646
4979.jpg,এখানে
4980.jpg,"চার্জার ফ্যান, সিলিং ফ্যান ও এসি সহ"
4981.jpg,সকল প্রকার ইলেকট্রনিক্স সামগ্রী পাইকারী ও খুচরা বিক্রেতা
4982.jpg,ডিলারঃ মার্সেল ওয়ালটন
4983.jpg,Amena Plaza (ground Floor)
4984.jpg,"ফজলুল হক সুপার মার্কেট, বাঞ্ছারামপুর, ব্রাহ্মণবাড়িয়া"
4985.jpg,আমেনা প্লাজা
4986.jpg,"নীচ তলা ) , বাঞ্ছারামপুর, ব্রাহ্মণবাড়িয়া !"
4987.jpg,Bancharampur Brahmanbaria
4988.jpg,বিস্মিল্লাহির রাহ্মানির রাহিম
4989.jpg,বিসমিল্লাহির রাহমানির রাহিম
4990.jpg,প্রো: মোঃ আবুল খায়ের
4991.jpg,ছ্রলিমাবাদ রেন্ট এ কার
4992.jpg,আরহাম টলিকম
4993.jpg,01825-202868
4994.jpg,প্রোঃ আশ্রাফ উদ্দিন
4995.jpg,01687-232048
4996.jpg,এয়ারপোর্ট সহ যেকোনো অনুষ্ঠানের
4997.jpg,এানে সমঘ্র বমাদেশে প্রাহডেঢ কান ডাড়া দেওয়া হ্য়
4998.jpg,জন্য এসি নন-এসি মাইক্রোবাস
4999.jpg,বিকাশ এজেন্ট: 01744 430 904
5000.jpg,আয়েশা অটো মোবাইলস এণ্ড রে্ট-এ-কার
5001.jpg,প্রাইভেট কার ভাড়া দেওয়া হয়
5002.jpg,নগদ এজেন্ট: 01744 438 186
5003.jpg,পাসোনাল: 01786340632
5004.jpg,এখানে অভিজ্ঞ মিস্ত্রি দ্বারা গাড়়ীর ইঞ্জিনের ওভারওলিং
5005.jpg,প্রোঃ আশ্রাফ উদ্দিন
5006.jpg,bkash
5007.jpg,1912704182
5008.jpg,এর কাজ করা হয় এবং পার্টস্ বিক্রয় করা হয়
5009.jpg,01847 667 777
5010.jpg,এখানে
5011.jpg,বিল জমা নেওয়া হয়
5012.jpg,বিঃদ্রঃ টায়ার পাওয়া যায়
5013.jpg,"ছলিমাবাদ মোড়,"
5014.jpg,"বাঞ্ছারামপুর, ব্রাহ্মণবাড়িয়া"
5015.jpg,01780 120 712
5016.jpg,"ছলিমাবাদ মোড়, বাঞ্ছারামপুর, ব্রাহ্মণবাড়িয়া"
5017.jpg,বাঁশগাড়ী
5018.jpg,"ব্রীজ সংলগ্ন, বাঞ্ছারামপুর, ব্রাহ্মণবাড়িয়া"
5021.jpg,নাবায়ে বিসগাত - ইয়়া বাসুনাবাহ
5025.jpg,জয় জিৎ
5026.jpg,মায়ের দোয়া রে্ট-এ কার
5027.jpg,গড মন্নত ওথাল দমতত বমল
5028.jpg,গদিশ্নমান
5029.jpg,ঢিদবদি-ঢিদধদ
5030.jpg,মাওলানা সাজ্জাদুল ইসলাম (সাদ্দাম) রাহমানী
5031.jpg,টেলিকম
5032.jpg,এখানে এয়ারপোর্ট সহ যে কোন অনুষ্ঠানে
5033.jpg,01866 226 372
5034.jpg,এসি-নন এসি গাড়ী ভাড়া দেওয়া হয় |
5035.jpg,প্রিন্সিপাল
5036.jpg,প্রোপ্রাইটর:
5037.jpg,উজানচর গাউছিয়া নজিবা বেগম সুন্নিয়া
5038.jpg,প্রোঃ উত্তম সরকার
5039.jpg,হাফেজিয়া মাদরাসা ও এতিমখানা
5040.jpg,মোহাম্মদ বাদল
5041.jpg,"বাঞ্ছারামপুর (চক বাজার) মসজিদ সংলগ্ন,"
5042.jpg,01843 651 547